Name_1,RAobs,Decobs,delta,z,S(6)_t,pmt,S(6)_p,pmp,f_c,logL,i_1,I_1a,R,LD_cm,Lobs,L_1.4GHz,SFR (Msun/yr),NAME_2,RA2000,DEC2000,SDSS_NAME,RA_1,DEC_1,REDSHIFT,PLATE,FIBER,MJD,MI_Z2,FINT_REST6CM_MJY_OBS,Separation_1,RA_2,DEC_2,Peak_flux,E_Peak_flux,Total_flux,E_Total_flux,Maj,E_Maj,Min,E_Min,Separation
104041.50+600239.3,104041.42,600239.6,0.67,0.297,19.7,6.3,19.7,6.3,1.000,21.7,17.771,-22.59,0.07,4.73647487382827E27,21.7445865657656,22.2660607993182,10.8871150147165,104041.50+600239.3,160.17258333333334,60.04433333333334,b'104041.50+600239.3',160.1729278564453,60.04425048828125,0.2971999943256378,560,624,52296,-23.672745608626016,0.0,0.6873824394307825,,,,,,,,,,,
103421.71+605318.1,0.0,0.0,0.0,0.228,20.7,13.0,20.7,13.0,1.0,21.46,17.118,-22.67,0.04,3.50369312130466E27,21.5042323305211,22.0090874375785,6.02475581071481,103421.71+605318.1,158.59045833333334,60.88836111111111,b'103421.71+605318.1',158.59046936035156,60.88837814331055,0.22769999504089355,560,525,52296,-23.389049978173755,0.0,0.06428563187137401,,,,,,,,,,,
112439.18+420145.0,112439.22,420145.2,0.49,0.225,26.1,5.3,26.1,5.3,1.000,21.56,15.623,-24.14,0.01,3.4517513307389E27,21.5919293732695,22.0960408856537,7.36025561573024,112439.18+420145.0,171.16341666666665,42.029222222222224,b'112439.18+420145.0',171.16326904296875,42.029170989990234,0.22499999403953552,1443,358,53055,-24.856489919821996,0.0,0.4357198323479544,,,,,,,,,,,
103609.28+275019.9,103609.28,275020.68,0.78,0.282,29.3,5.6,29.3,5.6,1.000,21.83,17.436,-22.82,0.08,4.46240704566743E27,21.8652158496311,22.3831537175528,14.2562640028298,103609.28+275019.9,159.0386666666667,27.839077777777778,b'103609.28+275019.9',159.0386962890625,27.83888053894043,0.2815999984741211,2356,431,53786,-23.840485849796327,0.0,0.716294025010537,,,,,,,,,,,
112007.43+423551.3,112007.42,423551.33,0.12,0.227,29.5,6.7,29.5,6.7,1.000,21.62,16.848,-22.93,0.04,3.48636340376342E27,21.653777188304,22.1583846325067,8.49643313866146,112007.43+423551.3,170.03091666666666,42.597591666666666,b'112007.43+423551.3',170.0309600830078,42.59760665893555,0.226500004529953,1365,261,53062,-23.62772586123373,0.0,0.127085692995256,,,,,,,,,,,
152624.02+275452.1,152624.064,275451.98,0.6,0.231,30.4,7.1,30.4,7.1,1.000,21.65,16.213,-23.61,0.03,3.55577676781326E27,21.6839524237964,22.1895493111421,9.1285399971885,152624.02+275452.1,231.60026666666667,27.91443888888889,b'152624.02+275452.1',231.60012817382812,27.91448211669922,0.23080000281333923,1848,390,54180,-24.33083364005046,0.0,0.46724098620273075,,,,,,,,,,,
110052.34+283801.2,110052.34,283801.2,0.0,0.243,30.6,8.3,30.6,8.3,1.000,21.7,17.119,-22.81,0.06,3.76551959012333E27,21.736581113226,22.2451271535689,10.3747864275395,110052.34+283801.2,165.21808333333337,28.633666666666674,b'110052.34+283801.2',165.2180938720703,28.633689880371094,0.24269999563694,2211,271,53786,-23.608455477400927,0.0,0.08995938787711223,,,,,,,,,,,
095302.64+380145.2,95302.723,380145.62,1.07,0.273,33.2,4.1,33.2,4.1,1.000,21.85,17.493,-22.69,0.09,4.29955563241967E27,21.8871950931362,22.4029912259875,14.9225566969111,095302.64+380145.2,148.26134583333337,38.02933888888889,b'095302.64+380145.2',148.2610321044922,38.02924728393555,0.2727999985218048,1277,212,52765,-23.664289603370936,0.0,0.9487977676026594,,,,,,,,,,,
141213.62+643538.9,141213.633,643539.04,0.16,0.288,33.5,7.8,33.5,7.8,1.000,21.9,17.459,-22.84,0.09,4.57163930719088E27,21.9443985873505,22.4637559417609,17.1635829553698,141213.62+643538.9,213.05680416666667,64.59417777777777,b'141213.62+643538.9',213.0567626953125,64.59414672851562,0.28839999437332153,498,105,51984,-23.913644850047877,0.0,0.12882890412112738,,,,,,,,,,,
161911.24+501109.2,161911.253,501109.58,0.4,0.234,41.7,4.7,41.7,4.7,1.000,21.8,16.991,-22.86,0.07,3.6080017530568E27,21.833879398766,22.3402162608478,12.9142227339367,161911.24+501109.2,244.79688749999997,50.18599444444445,b'161911.24+501109.2',244.79684448242188,50.185890197753906,0.23409999907016754,2884,177,54526,-23.729072873802586,0.0,0.38816696239176984,244.79644159897984,50.18558395831263,0.4675161881670794,0.07546499943319378,0.8233895558197458,0.19906641788715235,10.699618544013749,2.1435945268771004,5.92664922953411,0.7707840427167368,1.8000544513409935
152153.80+594020.0,152153.829,594020.26,0.34,0.286,42.9,8.8,42.9,8.8,1.000,22.01,17.679,-22.6,0.14,4.53516978871925E27,22.0448542580392,22.5637391863447,21.6068371154243,152153.80+594020.0,230.47428749999997,59.67229444444444,b'152153.80+594020.0',230.47418212890625,59.67224884033203,0.28600001335144043,613,152,52345,-23.636511948813517,0.0,0.2522745469067022,,,,,,,,,,,
090454.99+511444.5,90454.978,511444.81,0.33,0.225,46.0,5.7,46,5.7,1.000,21.8,16.637,-23.12,0.06,3.4517513307389E27,21.8380466976128,22.342158209997,12.9720980200611,090454.99+511444.5,136.229075,51.245780555555555,b'090454.99+511444.5',136.22915649414062,51.24571990966797,0.22460000216960907,552,155,51992,-23.81937905876048,0.0,0.2852947744807448,,,,,,,,,,,
154430.52+282756.8,154430.54,282757.41,0.67,0.231,46.0,10.1,46,10.1,1.000,21.82,16.285,-23.53,0.04,3.55577676781326E27,21.8638366718692,22.3694335592149,13.8129223641662,154430.52+282756.8,236.12724999999998,28.465947222222226,b'154430.52+282756.8',236.127197265625,28.465795516967773,0.2313999980688095,1653,515,53534,-24.27023484637013,0.0,0.571069706808041,,,,,,,,,,,
115901.72+510630.7,115901.74,510630.56,0.24,0.296,49.4,5.4,49.4,5.4,1.000,22.1,17.532,-22.82,0.14,4.71810164856563E27,22.1404713994555,22.6617111508235,27.0746694102778,115901.72+510630.7,179.75724999999997,51.10848888888887,b'115901.72+510630.7',179.75718688964844,51.10855484008789,0.2955999970436096,968,562,52412,-23.88735603399944,0.0,0.2769800645096785,,,,,,,,,,,
163111.28+404805.2,163111.292,404805.0,0.24,0.258,49.7,5.0,49.7,5.0,1.000,21.97,17.094,-22.96,0.09,4.03082822915026E27,22.0063548355554,22.5185475346257,19.471506155538,163111.28+404805.2,247.79704999999996,40.80138888888889,b'163111.28+404805.2',247.79701232910156,40.80147171020508,0.2574999928474426,817,394,52381,-23.88449147211395,0.0,0.31533486116594234,,,,,,,,,,,
134845.44+451809.5,134845.44,451809.21,0.29,0.277,51.8,6.5,51.8,6.5,1.000,22.06,17.208,-23.0,0.11,4.37178566854114E27,22.0948573478654,22.6116072262436,24.1245509318416,134845.44+451809.5,207.18933333333334,45.30255833333332,b'134845.44+451809.5',207.18936157226562,45.30266189575195,0.2766000032424927,1465,30,53082,-24.037779184160577,0.0,0.3796196428970033,207.1897884916318,45.30290859068449,0.4296117863153068,0.05131362922898972,0.6022788979988835,0.11227395969027905,7.605987978371145,0.9615887541696531,6.635609150553574,0.7487901880902665,1.7082754973520216
115549.43+502117.2,115549.46,502117.07,0.32,0.284,53.4,5.6,53.4,5.6,1.000,22.09,17.456,-22.81,0.14,4.49875898645956E27,22.1329365754172,22.651348342324,26.4362806641769,115549.43+502117.2,178.95608333333334,50.35474166666667,b'115549.43+502117.2',178.95596313476562,50.35480499267578,0.28439998626708984,968,490,52412,-23.96479263517288,0.0,0.35804386702311514,178.95600239965904,50.35467876310775,0.41762597988033295,0.051681650079117715,0.4690725782663082,0.09687963991710886,6.610577960645538,0.8484535340409612,6.117021187920368,0.7298759957311317,0.2929828578438239
094305.15+280536.1,94305.149,280535.17,0.93,0.267,57.0,5.9,57,5.9,1.000,22.06,17.457,-22.68,0.15,4.19165843962495E27,22.099856492918,22.6142163736302,24.2699222625117,094305.15+280536.1,145.77145416666664,28.093102777777776,b'094305.15+280536.1',145.77146911621094,28.093366622924805,0.26669999957084656,1944,120,53385,-23.651880022795417,0.0,0.9510283666947885,,,,,,,,,,,
123341.68+310102.8,123341.64,310103.54,0.9,0.291,61.6,6.2,61.6,6.2,1.000,22.18,16.771,-23.55,0.09,4.62645336078504E27,22.2192869530038,22.7393515728841,32.3745383712937,123341.68+310102.8,188.4235,31.01765,b'123341.68+310102.8',188.42367553710938,31.017446517944336,0.290800005197525,2234,566,53823,-24.580839036886186,0.0,0.9109937102119533,188.42368882097648,31.017692184673248,0.4061158707510474,0.07693733411659426,0.5154007148570762,0.15753401427193317,7.508278362569707,1.5606132788512486,6.086377442234649,1.0509409147275572,0.6020254523177957
153941.49+504255.7,153941.501,504255.8,0.15,0.203,61.9,5.5,61.9,5.5,1.000,21.83,16.725,-22.81,0.08,3.075228858937E27,21.8666553961756,22.3652575856073,13.6807402508417,153941.49+504255.7,234.9229208333333,50.7155,b'153941.49+504255.7',234.92288208007812,50.715484619140625,0.20319999754428864,796,417,52401,-23.4731764567003,0.0,0.1042545222804012,234.92275192543963,50.71542665829895,0.6981481112712864,0.05483145631240469,0.915630871107687,0.11448012357130886,7.324529059683041,0.6079800722399672,6.446538944906564,0.4790506112820572,0.4668469413233867
152428.67+303237.5,152428.681,303237.98,0.5,0.274,63.3,11.2,63.3,11.2,1.000,22.13,16.618,-23.57,0.08,4.3175908127252E27,22.1710965359108,22.6871313858041,28.7067083764641,152428.67+303237.5,231.11950416666667,30.543883333333326,b'152428.67+303237.5',231.1194610595703,30.543764114379883,0.2743000090122223,1650,545,53174,-24.562672432191725,0.0,0.4495168800059924,231.11958693243443,30.54400866783492,0.775755564113679,0.080168690663124,0.9910975121754341,0.16526845318415195,7.688636719558009,0.8872470084653091,5.982300022061127,0.5536467697321545,0.5190713262629559
163051.74+471118.9,163051.738,471118.82,0.08,0.27,64.1,5.4,64.1,5.4,1.000,22.12,16.91,-23.25,0.1,4.24553966358728E27,22.1619336987298,22.6770125536928,28.0455890031875,163051.74+471118.9,247.715575,47.18856111111111,b'163051.74+471118.9',247.7156219482422,47.188602447509766,0.27000001072883606,627,373,52144,-24.23253978865631,0.0,0.18798257234543098,,,,,,,,,,,
120629.36+281436.1,120629.35,281436.1,0.13,0.293,64.7,5.6,64.7,5.6,1.000,22.21,17.433,-22.9,0.17,4.6630690362574E27,22.2474578350652,22.7679930527753,34.5815985147331,120629.36+281436.1,181.62229166666663,28.243361111111106,b'120629.36+281436.1',181.62232971191406,28.243362426757812,0.29269999265670776,2229,354,53823,-23.937010343562473,0.0,0.12074977734311851,,,,,,,,,,,
144510.13+304957.0,144510.122,304956.56,0.45,0.276,65.7,4.8,65.7,4.8,1.000,22.16,17.466,-22.74,0.18,4.35370584912868E27,22.1944934002104,22.7110051225738,30.3289331759355,144510.13+304957.0,221.29217499999996,30.83237777777778,b'144510.13+304957.0',221.292236328125,30.832523345947266,0.2759000062942505,1842,67,53501,-23.73560598317001,0.0,0.557282225553092,,,,,,,,,,,
153415.05+465819.2,153415.093,465818.98,0.5,0.282,66.2,5.5,66.2,5.5,1.000,22.18,17.5,-22.75,0.18,4.46240704566743E27,22.2192062187167,22.7371440866384,32.2103985319915,153415.05+465819.2,233.56288750000002,46.97193888888889,b'153415.05+465819.2',233.562744140625,46.97201919555664,0.28189998865127563,1332,441,52781,-23.76765506226706,0.0,0.4556287292885602,233.56251035433155,46.97194008815998,0.42368648436008205,0.0744501834473705,0.6849940531623933,0.18108156546278323,8.724921858470905,1.6990376948924335,6.671338887396271,1.057825074496088,0.9264620758570387
160507.92+483422.1,160507.913,483422.62,0.52,0.295,79.9,6.3,79.9,6.3,1.000,22.31,16.775,-23.57,0.11,4.69974292190665E27,22.3459048482922,22.8669099364781,43.4272119298723,160507.92+483422.1,241.28297083333325,48.572950000000006,b'160507.92+483422.1',241.28302001953125,48.572811126708984,0.2946999967098236,622,282,52054,-24.607381671005292,0.0,0.513488734508081,241.28302744926023,48.572889743719685,0.6819351353968192,0.07136936162911549,0.7430679308203246,0.1311831569789354,6.6160446750899045,0.7295401861217882,5.930159587420748,0.5890512476868467,0.25542589247529945
092309.87+453046.4,92309.856,453046.59,0.24,0.292,86.0,6.3,86,6.3,1.000,22.33,17.747,-22.58,0.3,4.64475391324329E27,22.3676337338618,22.8879337437169,45.5812000890234,092309.87+453046.4,140.79106666666667,45.51294166666667,b'092309.87+453046.4',140.79115295410156,45.51289749145508,0.2924000024795532,833,183,52314,-23.640681736879962,0.0,0.26958112168244663,140.7912528757747,45.51282136200047,0.5572552071802942,0.08152596922564008,0.6617015053430616,0.16038744451619477,7.567514205192191,1.2658165907644212,5.650014547718409,0.7229623764508718,0.6389342174290051
134854.76+430309.1,134854.79,430309.62,0.61,0.275,88.8,6.7,88.8,6.7,1.000,22.28,17.09,-23.11,0.17,4.33564089107885E27,22.3217294370636,22.8380028166964,40.6307490016215,134854.76+430309.1,207.22829166666662,43.05267222222221,b'134854.76+430309.1',207.2281951904297,43.052528381347656,0.27469998598098755,1345,498,52814,-24.090334699739916,0.0,0.576676174134214,207.22815953882875,43.05235064325689,0.6666796667436345,0.06352433484560113,1.3750817577383723,0.18428826538843832,9.542967960152735,0.9719630408181965,7.782795335609792,0.6937694135526972,1.208736376122494
124853.89+342429.4,124853.89,342429.68,0.28,0.271,92.2,5.9,92.2,5.9,1.000,22.29,17.552,-22.61,0.27,4.26353003945263E27,22.3234794395326,22.8387975752142,40.7051713119732,124853.89+342429.4,192.22454166666662,34.40824444444445,b'124853.89+342429.4',192.22457885742188,34.40818786621094,0.2705000042915344,1987,464,53765,-23.602913364512517,0.0,0.2317063209706187,192.22436064643554,34.40803907664849,0.6660237331180785,0.07368702185479269,1.3118733364029174,0.20720452434866643,9.84273994358121,1.2100632951348997,7.20440384304979,0.7173127835888045,0.9141495792620693
094427.99+360837.1,94428.006,360837.57,0.51,0.228,94.0,8.6,94,8.6,1.000,22.13,17.03,-22.76,0.17,3.50369312130466E27,22.1613898386639,22.6662449457213,27.358794502764,094427.99+360837.1,146.11669166666667,36.143769444444445,b'094427.99+360837.1',146.1166534423828,36.14364242553711,0.22779999673366547,1594,605,52992,-23.476828360118986,0.0,0.4705767976001444,,,,,,,,,,,
145817.42+455514.9,145817.428,455514.72,0.2,0.286,95.0,16.3,47.5,4.7,0.500,22.35,17.381,-22.9,0.23,4.53516978871925E27,22.3901205711433,22.9090054994488,47.8473082975568,145817.42+455514.9,224.57261666666665,45.92075555555555,b'145817.42+455514.9',224.57260131835938,45.92081832885742,0.2856999933719635,1676,518,53147,-23.9172890480902,0.0,0.22922948901184725,224.57331760397764,45.920955726487904,0.41137308119888094,0.07691897748548455,1.1772362099146663,0.2899813255292529,13.764194602876465,3.0238103776886414,7.486343887995224,1.1914101146945706,1.8975447787847954
093653.84+533126.8,93653.834,533126.81,0.06,0.228,95.0,11.4,95,11.4,1.000,22.13,16.465,-23.32,0.1,3.50369312130466E27,22.165985590353,22.6708406974104,27.6498455081096,093653.84+533126.8,144.22430833333334,53.52411388888889,b'093653.84+533126.8',144.22434997558594,53.52412414550781,0.2281000018119812,768,473,52281,-24.02503303164174,0.0,0.09646665316063359,144.22455868786116,53.524012119363704,0.6553777997580802,0.06306566709091975,1.7689371748773914,0.22554882370886115,11.833974546274224,1.2582165473447051,8.213937850233572,0.7153675013527765,0.6490792382872936
100744.54+500746.6,100744.55,500746.78,0.2,0.212,99.8,7.6,99.8.,7.6,1.000,22.08,16.8,-22.83,0.14,3.22832214171443E27,22.1162941348497,22.6171622190247,24.4351061867982,100744.54+500746.6,151.935625,50.129661111111105,b'100744.54+500746.6',151.9356231689453,50.12963104248047,0.21209999918937683,1006,586,52708,-23.508584508828903,0.0,0.10832951892089156,,,,,,,,,,,
132059.41+295728.1,132059.403,295728.18,0.27,0.206,112.0,8.7,112,8.7,1.000,22.11,16.918,-22.65,0.18,3.12611443822801E27,22.1384376312315,22.6377969969882,25.6241228987953,132059.41+295728.1,200.24751249999997,29.957827777777773,b'132059.41+295728.1',200.24757385253906,29.95781898498535,0.20630000531673431,2002,538,53471,-23.31205230470566,0.0,0.19395991351308767,200.24769219696122,29.957762621390177,1.2094940631968571,0.09642696005135545,1.377564993285832,0.1840483083902378,7.294716671503182,0.6568289856057377,5.621600595068943,0.3968309857778947,0.6075813943862411
100528.34+423037.5,100528.35,423036.99,0.52,0.257,114.0,6.1,114,6.1,1.000,22.33,16.736,-23.31,0.16,4.01303392845289E27,22.3630603783984,22.8750113230724,44.2449119038622,100528.34+423037.5,151.36812500000002,42.51027499999999,b'100528.34+423037.5',151.36810302734375,42.510433197021484,0.2572999894618988,1217,618,52672,-24.221624798349524,0.0,0.5724865835922106,151.36814496711608,42.51034590552691,1.3471961573365516,0.07117989367127342,2.1481542426126286,0.17071738375968412,8.1582099437724,0.4561868975807063,7.037794342091783,0.3513513599202521,0.2607016256203717
104111.97+282805.0,104111.96,282804.87,0.19,0.211,116.0,9.2,116,9.2,1.000,22.14,16.17,-23.45,0.09,3.21124723375933E27,22.1770153395761,22.67763249007,28.0856514416829,104111.97+282805.0,160.29983333333334,28.468019444444444,b'104111.97+282805.0',160.2998809814453,28.468082427978516,0.210999995470047,2356,575,53786,-24.129906288683188,0.0,0.27230417140782404,160.3000121820446,28.46819941106477,0.7465928364998216,0.09004271284959994,0.7070011716594331,0.15073919301363117,6.166658980077488,0.7865583798728688,5.529593905956146,0.6305821998540774,0.8602944635907133
105416.19+351124.1,105416.2,351124.02,0.15,0.205,119.0,10.6,119,10.6,1.000,22.13,16.783,-22.78,0.17,3.10913636453611E27,22.160036366038,22.6591435491694,26.9150729225071,105416.19+351124.1,163.56750000000002,35.19000555555556,b'105416.19+351124.1',163.56747436523438,35.1900520324707,0.20469999313354492,2090,8,53463,-23.43522077873631,0.0,0.1835294511692295,163.56751753135075,35.19012910477268,0.7250084852530887,0.0720484994202411,0.9576467798404763,0.15171899664504027,7.699507579899252,0.8414790634948444,6.176258261721179,0.5580958389740435,0.44775785805770624
113858.79+450338.5,113858.81,450338.33,0.27,0.3,122.0,10.6,122,10.6,1.000,22.51,17.475,-22.91,0.33,4.79168136192356E27,22.5465455557969,23.0687221527055,69.1152947323913,113858.79+450338.5,174.74504166666668,45.06064722222222,b'113858.79+450338.5',174.74497985839844,45.06070327758789,0.2996000051498413,1367,419,53083,-23.984618869292603,0.0,0.25578473601561613,174.74486091871256,45.06056285393121,0.5805434194987722,0.06961797354822004,0.8216274403187884,0.15318618151638017,7.472273002868717,0.930689627977695,6.818597028066173,0.7872564426032718,0.5509101450504061
163124.42+295301.5,163124.435,295301.46,0.2,0.254,125.0,7.9,125,7.9,1.000,22.35,16.707,-23.32,0.17,3.95974237809773E27,22.3914537400882,22.9026782659283,47.1552745283462,163124.42+295301.5,247.85181250000002,29.883738888888885,b'163124.42+295301.5',247.85177612304688,29.883769989013672,0.25440001487731934,1685,260,53463,-24.20752202256738,0.0,0.15946017636627252,247.85154898208964,29.88356992081927,0.8588012555644716,0.11400443554736904,1.2999512191579612,0.2636461905128187,8.057854896863713,1.1469781594237591,6.763877255686721,0.8373714927464756,1.023017450928244
153539.25+564406.5,153539.198,564406.18,0.54,0.207,126.0,15.5,126,15.5,1.000,22.16,16.672,-22.91,0.16,3.1431086997646E27,22.1942992105586,22.6939105499205,29.1583242780474,153539.25+564406.5,233.913325,56.73505,b'153539.25+564406.5',233.91354370117188,56.735145568847656,0.20739999413490295,617,352,52072,-23.57726603840908,0.0,0.5521488348437741,233.91368798600624,56.735154723652336,1.957835313366754,0.0719265471036166,2.834800817726145,0.16082069028830498,7.531934488023138,0.28646626556738763,6.922073448396639,0.2456378906119678,0.8098682076509639
142943.07+474726.2,142943.066,474726.17,0.05,0.221,127.0,6.3,127,6.3,1.000,22.23,16.49,-23.23,0.14,3.38271717132406E27,22.2615449609453,22.7646621760005,34.3173850504021,142943.07+474726.2,217.42944166666666,47.79060277777778,b'142943.07+474726.2',217.42945861816406,47.790618896484375,0.22059999406337738,1673,108,53462,-23.901591217235268,0.0,0.0710501582792234,217.42964104738675,47.79099738469839,0.40878237574911785,0.06814587515386965,1.0442830422279181,0.23399735630572802,11.90916827412598,2.2452471857121634,7.722487471236574,1.1383329399552928,1.500201335878705
092909.79+464424.0,92909.808,464423.88,0.22,0.24,127.0,8.0,127,8.0,1.000,22.31,16.085,-23.82,0.1,3.71287367791102E27,22.3424339321675,22.8502453620748,41.7924059426487,092909.79+464424.0,142.29086666666666,46.73996666666667,b'092909.79+464424.0',142.29080200195312,46.74001693725586,0.24009999632835388,833,615,52314,-24.598639457358143,0.0,0.24125334343397833,142.2911363608276,46.739705728545665,0.8693344213832114,0.06851500771560556,1.9365635572880529,0.21049636424081702,9.686906094983815,0.8015962533312512,8.279260138487762,0.6214677697521085,1.151149585086786
083443.80+382632.8,83443.82,382633.09,0.37,0.288,128.0,8.0,128,8.0,1.000,22.49,17.527,-22.77,0.36,4.57163930719088E27,22.5265637499616,23.045921104372,65.5802572623196,083443.80+382632.8,128.68258333333335,38.442525,b'083443.80+382632.8',128.68252563476562,38.44245147705078,0.2881999909877777,828,256,52317,-23.800289890913376,0.0,0.31068410364342,128.6823958524637,38.44230642279192,0.4366032268285637,0.11825109460953664,0.5864300697497775,0.25080059373707486,7.27357389609982,2.0464501674862072,6.649735445339779,1.733754058989823,0.9479583934337181
111842.83+310317.4,111842.85,310317.4,0.26,0.27,134.0,9.7,134,9.7,1.000,22.44,17.444,-22.71,0.35,4.24553966358728E27,22.4821804675758,22.9972593225388,58.6288444060403,111842.83+310317.4,169.67854166666666,31.054833333333335,b'111842.83+310317.4',169.678466796875,31.054838180541992,0.2700999975204468,2092,624,53460,-23.707883340714787,0.0,0.23155884773957738,169.67833627713156,31.054933897607672,1.6257521747825896,0.07513770214442843,2.013583851095862,0.1506671237510152,7.018122730696907,0.33905644496913967,6.354750691593261,0.2809665396703001,0.7295860143471992
121045.63+272536.4,121045.64,272536.48,0.16,0.23,141.0,10.9,141,10.9,1.000,22.31,16.979,-22.83,0.24,3.53839982249408E27,22.3460427858273,22.8513926141287,41.9029526110566,121045.63+272536.4,182.69016666666664,27.426800000000004,b'121045.63+272536.4',182.69015502929688,27.42679786682129,0.23010000586509705,2229,233,53823,-23.56331820588091,0.0,0.0379702747897458,,,,,,,,,,,
132257.89+362300.0,132257.95,362300.47,0.87,0.295,153.0,14.7,153,14.7,1.000,22.59,17.65,-22.7,0.48,4.69974292190665E27,22.6280494997959,23.1490545879818,83.158490929561,132257.89+362300.0,200.74145833333333,36.38346388888889,b'132257.89+362300.0',200.74124145507812,36.38334655761719,0.29499998688697815,2023,612,53851,-23.75081230659945,0.0,0.757303594231234,200.74120023393402,36.383391833720935,3.2421489899188902,0.07136005142255199,4.070757236496419,0.1443915418925142,7.004324993459016,0.15988698349702934,6.4541908451571475,0.13697438285713534,0.7917327512352073
095048.38+392650.4,95048.392,392650.24,0.21,0.206,155.0,11.0,155,11.0,1.000,22.25,15.952,-23.62,0.1,3.12611443822801E27,22.2795513067316,22.7789106724883,35.4619557974391,095048.38+392650.4,147.70163333333338,39.44728888888889,b'095048.38+392650.4',147.7016143798828,39.447357177734375,0.20569999516010284,1277,332,52765,-24.290310015667146,0.0,0.25142281651319315,,,,,,,,,,,
094254.05+345133.1,94254.026,345133.13,0.3,0.278,155.0,11.9,155,11.9,1.000,22.54,17.594,-22.63,0.47,4.38988033100131E27,22.5744469250939,23.0914347730633,72.8260549867903,094254.05+345133.1,145.72510833333334,34.859202777777774,b'094254.05+345133.1',145.7252197265625,34.859214782714844,0.2775000035762787,1594,157,52992,-23.614586383639665,0.0,0.3318829202138475,145.7252440325969,34.859238012275334,0.35726959529239477,0.06098221962812616,0.35508733784056556,0.10598611218879814,6.650177083641509,1.2621430579582111,5.380855176393241,0.8260194431519524,0.42044736297590657
145608.65+275008.7,145608.642,275008.62,0.13,0.248,159.0,12.9,159,12.9,1.000,22.44,17.044,-22.93,0.29,3.85357204505762E27,22.4723339539789,22.9821004140152,56.617726433459,145608.65+275008.7,224.0360083333333,27.83572777777778,b'145608.65+275008.7',224.0360565185547,27.835765838623047,0.24819999933242798,2146,204,54230,-23.77759311404532,0.0,0.20567989856482183,,,,,,,,,,,
144202.82+433708.7,144202.837,433708.81,0.22,0.231,167.0,18.7,167,18.7,1.000,22.39,16.849,-22.97,0.25,3.55577676781326E27,22.4237953113352,22.9293921986809,50.1469138003416,144202.82+433708.7,220.51182083333336,43.61911388888889,b'144202.82+433708.7',220.5117950439453,43.619102478027344,0.2313999980688095,1289,184,52734,-23.693755150632768,0.0,0.07877152836083526,220.51174928712817,43.61907067969458,0.42927781419715977,0.060740742019258595,0.4590624113160853,0.11176342140303805,7.282316670751981,1.2029810758326747,5.287816276424451,0.6408707114904915,0.24282762019551793
145824.46+363119.5,145824.457,363119.49,0.04,0.246,167.0,9.4,167,9.4,1.000,22.45,16.887,-23.07,0.26,3.81830478628886E27,22.4856675189164,22.9949463988364,58.317434530473,145824.46+363119.5,224.60190416666669,36.522080555555554,b'145824.46+363119.5',224.60194396972656,36.522098541259766,0.24650000035762787,1351,88,52790,-23.898128951067566,0.0,0.13210788557346032,224.60178909732636,36.522087165043075,1.5397216252590822,0.0701479160216732,1.8616200785261459,0.13821586919774456,6.759212468870453,0.31483820580176913,6.441704353003322,0.28704803485275293,0.33375166378219495
104528.30+293344.7,104528.305,293344.5,0.21,0.293,179.0,11.4,179,11.4,1.000,22.65,17.581,-22.75,0.53,4.6630690362574E27,22.6894065853764,23.2099418030865,95.6739742525094,104528.30+293344.7,161.3679375,29.562361111111116,b'104528.30+293344.7',161.36793518066406,29.562423706054688,0.29339998960494995,1969,22,53383,-23.807994660077107,0.0,0.22545880216137626,161.36791990434168,29.56251872518724,2.225381367865778,0.1406735090205398,2.812804752676077,0.28573252063874693,6.785221121307409,0.43110339171916773,6.707268978988175,0.4218363787878207,0.5700795334758563
104541.76+520235.5,104541.77,520235.5,0.09,0.284,195.0,11.6,195,11.6,1.000,22.66,16.76,-23.51,0.27,4.49875898645956E27,22.6954299297511,23.2138416966579,96.5369799534419,104541.76+520235.5,161.42404166666668,52.043194444444445,b'104541.76+520235.5',161.4240264892578,52.04320526123047,0.28380000591278076,1010,220,52649,-24.472749743100284,0.0,0.051436861487987456,161.4240700315439,52.04327650459669,1.5880006247671425,0.06010843882863915,1.7417351418354121,0.11085877170566198,6.508042460296646,0.2546666523509418,6.067965209943116,0.22217282681723696,0.30201922390682867
085828.69+342343.8,85828.74,342343.62,0.65,0.257,210.0,12.7,210,12.7,1.000,22.59,16.156,-23.89,0.17,4.01303392845289E27,22.6283748217959,23.1403257664699,81.503785086072,085828.69+342343.8,134.61975000000004,34.39545,b'085828.69+342343.8',134.61956787109375,34.395511627197266,0.2567000091075897,1211,96,52964,-24.821803163999853,0.0,0.5847483124865953,134.61986964294593,34.39560165086469,0.9431931941671604,0.06909512661674411,1.480091572352781,0.16412701235866772,8.341948543268817,0.662734680616547,6.7725532749744835,0.4574817317037743,0.6514355899786389
082205.24+455349.1,82205.23,455349.18,0.13,0.3,222.0,11.2,222,11.2,1.000,22.77,17.695,-22.69,0.73,4.79168136192356E27,22.8065386995728,23.3287152964814,125.767175660583,082205.24+455349.1,125.52179166666666,45.896994444444445,b'082205.24+455349.1',125.52184295654297,45.89698028564453,0.29980000853538513,441,21,51868,-23.688601320759012,0.0,0.13824282159806625,,,,,,,,,,,
081652.24+425829.4,81652.252,425829.21,0.23,0.234,232.0,13.9,232,13.9,1.000,22.54,16.636,-23.21,0.29,3.6080017530568E27,22.5792313286831,23.0855681907649,71.848913052111,081652.24+425829.4,124.21771666666669,42.974780555555554,b'081652.24+425829.4',124.21770477294922,42.9748420715332,0.2345000058412552,546,573,52205,-23.97875230346072,0.0,0.22366234450246458,124.21789061155528,42.97484512236701,1.5902149996397885,0.13076425883800644,1.873574896488377,0.2540393163130964,7.100784777371,0.6321572546235734,5.975074902462236,0.45382768691994724,0.5137523916187342
125100.44+660326.8,125100.56,660326.88,0.74,0.282,250.0,17.7,250,17.7,1.000,22.76,16.764,-23.49,0.35,4.46240704566743E27,22.796288237949,23.3142261058707,121.640477839836,125100.44+660326.8,192.7523333333333,66.05746666666667,b'125100.44+660326.8',192.75184631347656,66.05744934082031,0.28200000524520874,495,207,51988,-24.429188330181468,0.0,0.714241828898392,192.75175085134822,66.05748794221098,1.4937661122318657,0.05720564048689089,1.8463103772810923,0.11442158971510305,6.776367541622154,0.2632097883124899,6.567823576204408,0.24798699377856456,0.8544180807742253
130456.91+395111.4,130456.91,395111.38,0.02,0.271,253.0,15.9,253,15.9,1.000,22.72,17.504,-22.66,0.7,4.26353003945263E27,22.7618690396548,23.2771871753364,111.696402840884,130456.91+395111.4,196.23712500000002,39.853161111111106,b'130456.91+395111.4',196.23712158203125,39.85316848754883,0.2709999978542328,2021,595,53475,-23.664669066304096,0.0,0.028185237366094393,196.23696299124813,39.85312497932921,1.4158154904088487,0.11004790476337178,2.314373268439381,0.26824680302233395,7.72994694160913,0.6041424047949936,7.614571393865945,0.5886171160635985,0.4662521632207437
094859.47+433518.9,94859.483,433519.0,0.17,0.226,260.0,16.9,260,16.9,1.000,22.56,16.367,-23.4,0.25,3.4690494671724E27,22.5946041974752,23.0989637768967,74.0995871924512,094859.47+433518.9,147.24784583333332,43.58861111111112,b'094859.47+433518.9',147.24783325195312,43.58860397338867,0.22619999945163727,941,502,52709,-24.097833612435537,0.0,0.04167150828488933,147.2478418965442,43.588600438403915,2.714785003094385,0.06104356935930061,3.8314965373409624,0.1339999278394385,7.366429135839447,0.1701159265193148,6.899895004624565,0.15106487422953235,0.03976940321660005
123532.83+410445.1,123532.84,410445.24,0.18,0.212,266.0,16.1,266,16.1,1.000,22.51,16.811,-22.82,0.39,3.22832214171443E27,22.5420452301934,23.0429133143684,65.1276377323485,123532.83+410445.1,188.8868333333333,41.07923333333334,b'123532.83+410445.1',188.88682556152344,41.07920837402344,0.2117999941110611,1984,537,53433,-23.502996967446972,0.0,0.09229546622124872,188.88678413635577,41.07930919468957,3.2586028812612713,0.06721411930915858,3.9720200646451667,0.13317350759061164,6.77644478131557,0.14265435208964125,6.477181589946524,0.1309064636691055,0.30398633753140125
115558.97+593129.2,115558.97,593129.45,0.25,0.241,293.0,14.1,293,14.1,1.000,22.67,17.278,-22.63,0.66,3.7304068077711E27,22.7095898743938,23.2176463717367,97.3864160202362,115558.97+593129.2,178.99570833333334,59.52484722222222,b'115558.97+593129.2',178.9957275390625,59.524803161621094,0.24089999496936798,953,120,52411,-23.424299545804168,0.0,0.1624479165173206,178.9957649287913,59.52474074425351,1.9553173357744003,0.0658441808933791,2.411999248775764,0.13165752404876013,6.996875608819336,0.24605644060673684,6.348449407553467,0.2047092054955686,0.3970040276470846
155620.23+521520.0,155620.217,521520.2,0.23,0.227,296.0,21.9,296,21.9,1.000,22.62,16.87,-22.91,0.46,3.48636340376342E27,22.6552468833848,23.1598543275875,85.2523460692859,155620.23+521520.0,239.0842375,52.255611111111115,b'155620.23+521520.0',239.08433532714844,52.255577087402344,0.22669999301433563,618,37,52049,-23.611420860510513,0.9686992533475319,0.24794819147097327,239.08435686431648,52.25562099440707,4.649960689806924,0.05750977661052074,6.043541972320962,0.11914270793509628,7.0422857429191295,0.08931566102342381,6.644850182107863,0.0801412322533849,0.2654389247680972
162750.54+473623.5,162750.571,473623.38,0.34,0.262,299.0,23.8,299,23.8,1.000,22.76,17.218,-22.87,0.64,4.10215718729795E27,22.8009056478184,23.3140634465479,121.594927519142,162750.54+473623.5,246.9607125,47.60649444444445,b'162750.54+473623.5',246.9606170654297,47.60654067993164,0.2624000012874603,624,629,52377,-23.811048225078324,2.5028365303597573,0.28523809724481475,246.96053934222238,47.60668349802581,2.7657820609294426,0.10709129170354331,3.303870538458374,0.2098234962147526,7.074153045944856,0.29344550282331555,6.07983443276153,0.2197410254384982,0.799904158696468
084313.41+535718.8,84313.396,535718.73,0.14,0.218,410.0,14.7,410,14.7,1.000,22.72,16.44,-23.25,0.43,3.33110839710992E27,22.7571712512102,23.2595406033118,107.248842811993,084313.41+535718.8,130.80581666666666,53.95520277777778,b'084313.41+535718.8',130.80587768554688,53.95524215698242,0.21799999475479126,446,173,51899,-23.91228211595254,0.0,0.19184520138830535,130.80587065523042,53.95522985693227,5.389037709322748,0.06966903080094083,6.418988875388681,0.13584598348196186,6.655226127563966,0.08728969584888029,6.444623029567246,0.082121043495031,0.15027464461253492
101000.68+300321.5,101000.685,300321.53,0.07,0.256,490.0,24.0,490,24.0,1.000,22.96,16.93,-23.11,0.8,3.99525484058852E27,22.9924949167732,23.5042039146478,188.389167209849,101000.68+300321.5,152.50285416666665,30.05598055555556,b'101000.68+300321.5',152.50286865234375,30.055992126464844,0.2558000087738037,1953,147,53358,-24.023344110624475,0.6081769572841214,0.06142030496919488,152.5029049255089,30.05615733194141,2.9650511292376898,0.0893196971234409,3.8423547669519946,0.18464304723752745,6.998773950279501,0.2153197279674865,6.666972350031648,0.1966513404381988,0.6557541153129955
112941.94+512050.5,112941.94,512050.69,0.19,0.234,501.0,44.6,501,44.6,1.000,22.88,17.019,-22.83,0.89,3.6080017530568E27,22.9135810696595,23.4199179317413,155.15648896169,112941.94+512050.5,172.42475000000002,51.34741388888888,b'112941.94+512050.5',172.42477416992188,51.34738540649414,0.2337999939918518,879,153,52365,-23.531099586700247,0.7715833928260505,0.11604904717500335,172.4249299850141,51.347431672004525,3.5311602089481213,0.0699035515805048,4.832316514452956,0.15017782473110133,7.293488459821565,0.14915139622497758,6.755310213293763,0.12945442909419058,0.4097370621629888
140808.19+430316.5,140808.199,430316.9,0.41,0.258,523.0,16.8,523,16.8,1.000,22.99,16.922,-23.14,0.85,4.03082822915026E27,23.0285001356893,23.5406928347596,204.901362562281,140808.19+430316.5,212.0341625,43.05469444444444,b'140808.19+430316.5',212.03416442871094,43.05459976196289,0.2581000030040741,1467,48,53115,-24.058875634701575,0.0,0.3408946903438709,212.03390914263787,43.05459386931793,0.5490376257808451,0.06479991444380766,0.7787587053910604,0.14323951455261813,7.883904097946652,1.0093318109777105,6.477572272073577,0.7047973878583826,0.7584653295239284
151936.14+283827.6,151936.15,283827.69,0.16,0.269,576.0,22.2,576,22.2,1.000,23.07,16.993,-23.16,0.99,4.22756425936187E27,23.1118127827166,23.6266521684767,249.749242760121,151936.14+283827.6,229.90062499999996,28.641025,b'151936.14+283827.6',229.90060424804688,28.641010284423828,0.26899999380111694,1846,426,54173,-24.140394586530803,1.2272746613602898,0.08429323500449304,229.9006056996343,28.641087615943746,4.3561924425896335,0.11882756327991828,6.297125360503089,0.26533659712291646,7.48696844476105,0.2105542404985363,6.953828640733364,0.1839866425870938,0.23351982852033565
121832.68+352255.8,121832.68,352255.74,0.06,0.24,586.0,21.9,586,21.9,1.000,22.97,17.266,-22.64,1.3,3.71287367791102E27,23.0065278272297,23.514339257137,192.837400648786,121832.68+352255.8,184.6361666666666,35.38215000000001,b'121832.68+352255.8',184.63619995117188,35.3821907043457,0.23980000615119934,2105,8,53472,-23.40043432149042,1.341831194668134,0.17611571116937025,184.63622120331203,35.38218901876804,7.644984446087477,0.0778420252651114,10.604383092724477,0.16874392416670425,7.180586360020601,0.0740912365609185,6.955596789052966,0.06988798319872903,0.21296445658273158
093509.48+481910.2,93509.488,481909.9,0.31,0.224,601.0,28.4,601,28.4,1.000,22.92,17.026,-22.73,1.07,3.43446901368731E27,22.9498035409406,23.4536667837011,167.694490879396,093509.48+481910.2,143.78953333333334,48.31941666666667,b'093509.48+481910.2',143.78952026367188,48.31950378417969,0.22380000352859497,834,361,52316,-23.3800251018139,0.9317926512959195,0.3151798440694649,143.78936584867233,48.31946077055619,8.671304467841333,0.06978424789849669,11.972283193689732,0.26572174505066776,7.289312952171147,0.06701601768340733,6.477444376418939,0.05374497159461448,0.43123729729423466
144645.93+403505.7,144645.953,403505.84,0.3,0.267,622.0,19.3,622,19.3,1.000,23.1,16.034,-24.1,0.44,4.19165843962495E27,23.1377720219364,23.6521319026486,264.840204338329,144645.93+403505.7,221.69147083333334,40.58495555555555,b'144645.93+403505.7',221.69142150878906,40.58494186401367,0.267300009727478,1397,190,53119,-25.065360339900923,0.0,0.14357843737471834,221.69133445270867,40.585029690934405,0.5949913982547695,0.08329296261423313,0.8350970896154526,0.18346825631280755,8.162083186518974,1.2821523007661806,6.190930149626083,0.7723471529280113,0.45853669923314605
110704.52+320630.0,110704.5,320630.13,0.29,0.243,800.0,29.4,800,29.4,1.000,23.12,17.069,-22.86,1.48,3.76551959012333E27,23.1539496737364,23.6624957140793,271.236246471643,110704.52+320630.0,166.76874999999998,32.108369444444456,b'110704.52+320630.0',166.7688446044922,32.10834503173828,0.24289999902248383,2106,60,53714,-23.65345219069383,1.7237579971133496,0.30157325095479776,166.76873751521057,32.1085785374211,4.630215000125703,0.07070637366268784,6.874625755244926,0.1910133215343284,7.457459245523435,0.13531341936044244,6.356323104703718,0.10046300899769627,0.7536968360124622
144012.74+615633.0,144012.83,615632.68,0.73,0.275,935.0,34.5,935,34.5,1.000,23.31,16.952,-23.24,1.55,4.33564089107885E27,23.3441280821575,23.8604014617903,427.812503564355,144012.74+615633.0,220.05345833333334,61.94241111111112,b'144012.74+615633.0',220.05313110351562,61.94252014160156,0.2754000127315521,607,625,52368,-24.258813939880866,1.7668544555774828,0.6790321500645355,220.0531773295834,61.94257583616475,15.603565517689944,0.06537723675137386,19.695857295604608,0.35209105995700174,6.747835832614214,0.03134804383540339,6.494507204700785,0.0291477500904069,0.7603063717911205
133636.65+420934.1,133636.65,420934.08,0.02,0.223,986.0,34.6,986,34.6,1.000,23.13,16.836,-22.91,1.47,3.41720253525923E27,23.1604282187609,23.6640429889801,272.204312014548,133636.65+420934.1,204.15270833333332,42.15946666666668,b'133636.65+420934.1',204.15272521972656,42.15949630737305,0.2231999933719635,1344,91,52792,-23.621723387255013,2.148564095030349,0.11583165366536038,204.15282315875868,42.15950054097775,5.131817629489099,0.0608073456396647,6.429803744669498,0.12287635285318212,7.021455478677552,0.086510632168916,6.425433884891945,0.07322000982174984,0.32979803957981113
145005.13+463521.3,145005.129,463521.54,0.24,0.293,1192.0,41.0,1192,41.0,1.000,23.47,17.541,-22.79,3.41,4.6630690362574E27,23.5128298098007,24.0333650275108,637.113839714998,145005.13+463521.3,222.5213708333333,46.58931666666667,b'145005.13+463521.3',222.52139282226562,46.58926010131836,0.2928999960422516,1675,506,53466,-23.81548625116995,3.5573243918638804,0.21077654877808122,222.52132637887996,46.58934874532844,20.830927624046062,0.09201135253533721,34.145690245559095,0.4513331637397501,8.246624057953346,0.040707305184146635,7.931479124782193,0.03807559970764568,0.1594743083088348
171013.42+334402.5,171013.412,334402.69,0.22,0.208,1237.0,41.2,1237,41.2,1.000,23.16,15.69,-23.9,0.64,3.16011912960363E27,23.1909864734161,23.6908495777095,289.535346062633,171013.42+334402.5,257.5558833333333,33.734080555555565,b'171013.42+334402.5',257.555908203125,33.73405075073242,0.20759999752044678,974,4,52427,-24.542186085567934,2.7712608065525886,0.1306004263337328,257.55593578969155,33.73409854778642,19.32795184262397,0.09496788698015735,31.14404600213071,0.8038525837191988,8.261197318215746,0.04727467357004769,7.017180954694337,0.035408830931556494,0.16987919629186923
083658.90+442602.2,83658.909,442602.2,0.1,0.254,2596.0,79.0,2596,79.0,1.000,23.67,15.434,-24.59,1.07,3.95974237809773E27,23.7088484152085,24.2200729410486,979.320741404745,083658.90+442602.2,129.2454541666667,44.43394444444445,b'083658.90+442602.2',129.2454376220703,44.4339714050293,0.25440001487731934,762,498,52232,-25.45369737132608,6.289680529486343,0.105967208773494,129.24545810503355,44.43388719528252,46.8114127925206,0.12416676327120513,62.22447001715834,0.5516609698634493,6.94996119088367,0.020404014655187416,6.7514603039052075,0.01933561593389249,0.20634549153122148
125807.45+232921.6,125807.459,232921.89,0.32,0.258,2961.0,90.1,2961,90.1,1.000,23.74,16.878,-23.18,4.6,4.03082822915026E27,23.7814368542113,24.2936295532816,1160.06297236498,125807.45+232921.6,194.53107916666664,23.48941388888889,b'125807.45+232921.6',194.53106689453125,23.489334106445312,0.2583000063896179,2662,293,54505,-24.118333019953845,2.2813648070888006,0.29006077459210505,194.5310642256841,23.489305884259778,2.1675051385124817,0.17887588338925015,3.9013237889446755,0.46802158371255426,8.394315313613545,0.7133393478780671,7.722437031750018,0.6189089666845579,0.39193352203648785
093200.07+553347.4,93200.076,553347.31,0.1,0.266,5153.0,155.9,5153,155.9,1.000,24.01,17.312,-22.81,11.94,4.17372806105626E27,24.0523183049358,24.5664381492065,2174.15328911037,093200.07+553347.4,143.00031666666666,55.56314166666667,b'093200.07+553347.4',143.00033569335938,55.56317138671875,0.2655999958515167,556,295,51991,-23.786308302100377,4.341503352263725,0.11378787025674804,,,,,,,,,,,
111121.71+482045.9,111121.72,482045.86,0.11,0.281,8132.0,245.2,8132,245.2,1.000,24.27,17.645,-22.6,25.6,4.44425319379586E27,24.3050048203656,24.8227054614807,3922.45051335721,111121.71+482045.9,167.84050000000002,48.34607222222223,b'111121.71+482045.9',167.8404541015625,48.34610366821289,0.2809000015258789,964,75,52646,-23.61526233200523,8.873241704006103,0.15772081527132753,167.8405959047724,48.34611713303345,4.001811192382627,0.06661519498643548,5.042579215369648,0.13518803027029921,7.091260163017571,0.12355971746531984,6.39779191653609,0.10174428874850833,0.2807056825128482
095539.83+453217.0,95539.809,453217.68,0.71,0.259,23100.0,695.4,13300,399.2,0.576,24.64,16.807,-23.26,33.61,4.04863772401854E27,24.6774396787557,25.189873940125,9135.3660025829,095539.83+453217.0,148.91587083333334,45.538244444444445,b'095539.83+453217.0',148.9159698486328,45.53805923461914,0.2590999901294708,942,322,52703,-24.207846607773785,32.68657142821998,0.7119687426900005,,,,,,,,,,,
085632.99+595746.8,85632.98,595746.91,0.13,0.283,54951.0,1685.3,35614,1068.6,0.648,25.1,16.835,-23.42,82.03,4.48057564928987E27,25.1418530927122,25.6600280024684,26969.9421009312,085632.99+595746.8,134.13741666666667,59.96303055555556,b'085632.99+595746.8',134.13746643066406,59.963016510009766,0.28299999237060547,1785,481,54439,-24.472939528723376,16.30568649246622,0.10294840757854533,,,,,,,,,,,
092837.98+602521.0,92837.98,602520.97,0.03,0.295,85650.0,5181.9,8943,268.8,0.104,25.34,17.0,-23.35,148.84,4.69974292190665E27,25.3760854362798,25.8970905244657,46552.4493340939,092837.98+602521.0,142.15825,60.422491666666666,b'092837.98+602521.0',142.15826416015625,60.42250442504883,0.2953999936580658,485,506,51909,-24.402618335338246,173.43094633410115,0.0523708880314363,,,,,,,,,,,
113109.48+311405.4,113109.494,311405.17,0.3,0.29,176000.0,5286.4,122500,3675.2,0.696,25.63,16.111,-24.2,134.87,4.60816739691778E27,25.6717790257209,26.1916080732242,91719.1634274716,113109.48+311405.4,172.78955833333333,31.234769444444446,b'113109.48+311405.4',172.78952026367188,31.234859466552734,0.29019999504089355,1974,174,53430,-25.244560855495116,180.4054809542496,0.3446156508536762,,,,,,,,,,,
083353.88+422401.8,83353.88,422401.75,0.05,0.249,209000.0,6271.0,209000,6270.1,1.000,25.56,16.48,-23.5,224.98,3.87122875626279E27,25.5950538204111,26.1050637775668,75147.716657978,083353.88+422401.8,128.4745,42.400486111111114,b'083353.88+422401.8',128.47450256347656,42.40052795410156,0.249099999666214,761,616,52266,-24.343696880984353,149.22747225290965,0.1507888391001681,,,,,,,,,,,
